id;product_fk;categorie;id
0;0;Food & Beverage;0
1;0;Beverages;1
2;0;Wine;2
3;0; Beer & Liquor;3
4;0;Wine;4
5;1;Food & Beverage;5
6;1;Beverages;6
7;1;Wine;7
8;1; Beer & Liquor;8
9;1;Wine;9
10;2;Food & Beverage;10
11;2;Beverages;11
12;2;Wine;12
13;2; Beer & Liquor;13
14;2;Wine;14
15;3;Food & Beverage;15
16;3;Beverages;16
17;3;Wine;17
18;3; Beer & Liquor;18
19;3;Wine;19
20;4;Food & Beverage;20
21;4;Beverages;21
22;4;Wine;22
23;4; Beer & Liquor;23
24;4;Beer;24
25;5;Food & Beverage;25
26;5;Beverages;26
27;5;Wine;27
28;5; Beer & Liquor;28
29;5;Wine;29
30;6;Food & Beverage;30
31;6;Beverages;31
32;6;Wine;32
33;6; Beer & Liquor;33
34;6;Wine;34
35;7;Food & Beverage;35
36;7;Beverages;36
37;7;Wine;37
38;7; Beer & Liquor;38
39;7;Wine;39
40;8;Food & Beverage;40
41;8;Beverages;41
42;8;Wine;42
43;8; Beer & Liquor;43
44;8;Wine;44
45;9;Food & Beverage;45
46;9;Beverages;46
47;9;Wine;47
48;9; Beer & Liquor;48
49;9;Wine;49
50;10;Food & Beverage;50
51;10;Beverages;51
52;10;Wine;52
53;10; Beer & Liquor;53
54;10;Beer;54
55;11;Food & Beverage;55
56;11;Beverages;56
57;11;Wine;57
58;11; Beer & Liquor;58
59;11;Beer;59
60;12;Food & Beverage;60
61;12;Beverages;61
62;12;Wine;62
63;12; Beer & Liquor;63
64;12;Wine;64
65;13;Food & Beverage;65
66;13;Beverages;66
67;13;Wine;67
68;13; Beer & Liquor;68
69;13;Wine;69
70;14;Food & Beverage;70
71;14;Beverages;71
72;14;Wine;72
73;14; Beer & Liquor;73
74;14;Beer;74
75;15;Food & Beverage;75
76;15;Beverages;76
77;15;Wine;77
78;15; Beer & Liquor;78
79;15;Wine;79
80;16;Food & Beverage;80
81;16;Beverages;81
82;16;Wine;82
83;16; Beer & Liquor;83
84;16;Wine;84
85;17;Food & Beverage;85
86;17;Beverages;86
87;17;Wine;87
88;17; Beer & Liquor;88
89;17;Wine;89
90;18;Food & Beverage;90
91;18;Beverages;91
92;18;Wine;92
93;18; Beer & Liquor;93
94;18;Beer;94
95;19;Food & Beverage;95
96;19;Beverages;96
97;19;Wine;97
98;19; Beer & Liquor;98
99;19;Wine;99
100;20;Food & Beverage;100
101;20;Beverages;101
102;20;Wine;102
103;20; Beer & Liquor;103
104;20;Wine;104
105;21;Food & Beverage;105
106;21;Beverages;106
107;21;Wine;107
108;21; Beer & Liquor;108
109;21;Wine;109
110;22;Food & Beverage;110
111;22;Beverages;111
112;22;Wine;112
113;22; Beer & Liquor;113
114;22;Wine;114
115;23;Food & Beverage;115
116;23;Beverages;116
117;23;Wine;117
118;23; Beer & Liquor;118
119;23;Beer;119
120;24;Food & Beverage;120
121;24;Beverages;121
122;24;Wine;122
123;24; Beer & Liquor;123
124;24;Beer;124
125;25;Food & Beverage;125
126;25;Beverages;126
127;25;Wine;127
128;25; Beer & Liquor;128
129;25;Wine;129
130;26;Food & Beverage;130
131;26;Beverages;131
132;26;Wine;132
133;26; Beer & Liquor;133
134;26;Wine;134
135;27;Food & Beverage;135
136;27;Beverages;136
137;27;Wine;137
138;27; Beer & Liquor;138
139;27;Wine;139
140;28;Food & Beverage;140
141;28;Beverages;141
142;28;Wine;142
143;28; Beer & Liquor;143
144;28;Wine;144
145;29;Food & Beverage;145
146;29;Beverages;146
147;29;Wine;147
148;29; Beer & Liquor;148
149;29;Wine;149
150;30;Food & Beverage;150
151;30;Beverages;151
152;30;Wine;152
153;30; Beer & Liquor;153
154;30;Wine;154
155;31;Food & Beverage;155
156;31;Beverages;156
157;31;Wine;157
158;31; Beer & Liquor;158
159;31;Wine;159
160;32;Food & Beverage;160
161;32;Beverages;161
162;32;Wine;162
163;32; Beer & Liquor;163
164;32;Wine;164
165;33;Food & Beverage;165
166;33;Beverages;166
167;33;Wine;167
168;33; Beer & Liquor;168
169;33;Wine;169
170;34;Food & Beverage;170
171;34;Beverages;171
172;34;Wine;172
173;34; Beer & Liquor;173
174;34;Wine;174
175;35;Food & Beverage;175
176;35;Beverages;176
177;35;Wine;177
178;35; Beer & Liquor;178
179;35;Wine;179
180;36;Food & Beverage;180
181;36;Beverages;181
182;36;Wine;182
183;36; Beer & Liquor;183
184;36;Wine;184
185;37;Food & Beverage;185
186;37;Beverages;186
187;37;Wine;187
188;37; Beer & Liquor;188
189;37;Wine;189
190;38;Food & Beverage;190
191;38;Beverages;191
192;38;Wine;192
193;38; Beer & Liquor;193
194;38;Wine;194
195;39;Food & Beverage;195
196;39;Beverages;196
197;39;Wine;197
198;39; Beer & Liquor;198
199;39;Wine;199
200;40;Food & Beverage;200
201;40;Beverages;201
202;40;Wine;202
203;40; Beer & Liquor;203
204;40;Wine;204
205;41;Food & Beverage;205
206;41;Beverages;206
207;41;Wine;207
208;41; Beer & Liquor;208
209;41;Wine;209
210;42;Food & Beverage;210
211;42;Beverages;211
212;42;Wine;212
213;42; Beer & Liquor;213
214;42;Spirits;214
215;43;Food & Beverage;215
216;43;Beverages;216
217;43;Wine;217
218;43; Beer & Liquor;218
219;43;Wine;219
220;44;Food & Beverage;220
221;44;Beverages;221
222;44;Wine;222
223;44; Beer & Liquor;223
224;44;Wine;224
225;45;Food & Beverage;225
226;45;Beverages;226
227;45;Wine;227
228;45; Beer & Liquor;228
229;45;Wine;229
230;46;Food & Beverage;230
231;46;Beverages;231
232;46;Wine;232
233;46; Beer & Liquor;233
234;46;Wine;234
235;47;Food & Beverage;235
236;47;Beverages;236
237;47;Wine;237
238;47; Beer & Liquor;238
239;47;Wine;239
240;48;Food & Beverage;240
241;48;Beverages;241
242;48;Wine;242
243;48; Beer & Liquor;243
244;48;Wine;244
245;49;Food & Beverage;245
246;49;Beverages;246
247;49;Wine;247
248;49; Beer & Liquor;248
249;49;Wine;249
250;49;Target Finds;250
251;50;Food & Beverage;251
252;50;Beverages;252
253;50;Wine;253
254;50; Beer & Liquor;254
255;50;Wine;255
256;50;Target Finds;256
257;51;Food & Beverage;257
258;51;Beverages;258
259;51;Wine;259
260;51; Beer & Liquor;260
261;51;Hard Ciders;261
262;52;Food & Beverage;262
263;52;Beverages;263
264;52;Wine;264
265;52; Beer & Liquor;265
266;52;Spirits;266
267;52;Malt Drinks;267
268;53;Food & Beverage;268
269;53;Beverages;269
270;53;Wine;270
271;53; Beer & Liquor;271
272;53;Spirits;272
273;53;Malt Drinks;273
274;54;Food & Beverage;274
275;54;Beverages;275
276;54;Wine;276
277;54; Beer & Liquor;277
278;54;Wine;278
279;54;Food;279
280;55;Food & Beverage;280
281;55;Beverages;281
282;55;Wine;282
283;55; Beer & Liquor;283
284;55;Spirits;284
285;55;Malt Drinks;285
286;56;Food & Beverage;286
287;56;Beverages;287
288;56;Wine;288
289;56; Beer & Liquor;289
290;56;Spirits;290
291;56;Malt Drinks;291
292;57;Food & Beverage;292
293;57;Beverages;293
294;57;Wine;294
295;57; Beer & Liquor;295
296;57;Beer;296
297;57;Food;297
298;57;Grocery;298
299;58;Food & Beverage;299
300;58;Beverages;300
301;58;Wine;301
302;58; Beer & Liquor;302
303;58;Wine;303
304;58;Red;304
305;59;Food & Beverage;305
306;59;Beverages;306
307;59;Wine;307
308;59; Beer & Liquor;308
309;59;Wine;309
310;59;Target Finds;310
311;60;Food & Beverage;311
312;60;Beverages;312
313;60;Wine;313
314;60; Beer & Liquor;314
315;60;Wine;315
316;60;Food;316
317;60;Beer;317
318;60; Wine & Spirits;318
319;60;Grocery;319
320;61;Food & Beverage;320
321;61;Beverages;321
322;61;Wine;322
323;61; Beer & Liquor;323
324;61;Wine;324
325;61;Food;325
326;61;Beer;326
327;61; Wine & Spirits;327
328;62;Food & Beverage;328
329;62;Beverages;329
330;62;Wine;330
331;62; Beer & Liquor;331
332;62;Wine;332
333;62;Food;333
334;62;Beer;334
335;62; Wine & Spirits;335
336;63;Food & Beverage;336
337;63;Beverages;337
338;63;Wine;338
339;63; Beer & Liquor;339
340;63;Spirits;340
341;63;Food;341
342;63;Beer;342
343;63; Wine & Spirits;343
344;63;Grocery;344
345;64;Food & Beverage;345
346;64;Beverages;346
347;64;Wine;347
348;64; Beer & Liquor;348
349;64;Wine;349
350;64;Food;350
351;64;Beer;351
352;64; Wine & Spirits;352
353;65;Food & Beverage;353
354;65;Beverages;354
355;65;Wine;355
356;65; Beer & Liquor;356
357;65;Spirits;357
358;65;Food;358
359;65;Beer;359
360;65; Wine & Spirits;360
361;65;Fresh Food;361
362;65;Produce;362
363;65;Fruit;363
364;66;Food & Beverage;364
365;66;Beverages;365
366;66;Wine;366
367;66; Beer & Liquor;367
368;66;Spirits;368
369;66;Food;369
370;66;Beer;370
371;66; Wine & Spirits;371
372;67;Food & Beverage;372
373;67;Beverages;373
374;67;Wine;374
375;67; Beer & Liquor;375
376;67;Wine;376
377;67;Food;377
378;67;Beer;378
379;67; Wine & Spirits;379
380;68;Food & Beverage;380
381;68;Beverages;381
382;68;Wine;382
383;68; Beer & Liquor;383
384;68;Wine;384
385;68;Food;385
386;68;Beer;386
387;68; Wine & Spirits;387
388;69;Food & Beverage;388
389;69;Beverages;389
390;69;Wine;390
391;69; Beer & Liquor;391
392;69;Wine;392
393;69;Food;393
394;69;Beer;394
395;69; Wine & Spirits;395
396;69;Grocery;396
397;70;Food & Beverage;397
398;70;Beverages;398
399;70;Wine;399
400;70; Beer & Liquor;400
401;70;Wine;401
402;70;Food;402
403;70;Beer;403
404;70; Wine & Spirits;404
405;70;Grocery;405
406;71;Food & Beverage;406
407;71;Beverages;407
408;71;Wine;408
409;71; Beer & Liquor;409
410;71;Spirits;410
411;71;Food;411
412;71;Beer;412
413;71; Wine & Spirits;413
414;72;Food & Beverage;414
415;72;Beverages;415
416;72;Wine;416
417;72; Beer & Liquor;417
418;72;Spirits;418
419;72;Food;419
420;72;Beer;420
421;72; Wine & Spirits;421
422;73;Food & Beverage;422
423;73;Beverages;423
424;73;Wine;424
425;73; Beer & Liquor;425
426;73;Spirits;426
427;73;Malt Drinks;427
428;73;Food;428
429;73;Beer;429
430;73; Wine & Spirits;430
431;74;Food & Beverage;431
432;74;Beverages;432
433;74;Wine;433
434;74; Beer & Liquor;434
435;74;Wine;435
436;74;Food;436
437;74;Beer;437
438;74; Wine & Spirits;438
439;74;Grocery;439
440;75;Food & Beverage;440
441;75;Beverages;441
442;75;Wine;442
443;75; Beer & Liquor;443
444;75;Spirits;444
445;75;Malt Drinks;445
446;75;Food;446
447;75;Beer;447
448;75; Wine & Spirits;448
449;75;Beer;449
450;75;Grocery;450
451;76;Food & Beverage;451
452;76;Beverages;452
453;76;Wine;453
454;76; Beer & Liquor;454
455;76;Wine;455
456;76;Food;456
457;76;Beer;457
458;76; Wine & Spirits;458
459;77;Food & Beverage;459
460;77;Beverages;460
461;77;Wine;461
462;77; Beer & Liquor;462
463;77;Spirits;463
464;77;Food;464
465;77;Beer;465
466;77; Wine & Spirits;466
467;78;Food & Beverage;467
468;78;Beverages;468
469;78;Wine;469
470;78; Beer & Liquor;470
471;78;Spirits;471
472;78;Food;472
473;78;Beer;473
474;78; Wine & Spirits;474
475;79;Food & Beverage;475
476;79;Beverages;476
477;79;Wine;477
478;79; Beer & Liquor;478
479;79;Beer;479
480;79;Food;480
481;79;Beer;481
482;79; Wine & Spirits;482
483;80;Food & Beverage;483
484;80;Beverages;484
485;80;Wine;485
486;80; Beer & Liquor;486
487;80;Beer;487
488;80;Food;488
489;80;Beer;489
490;80; Wine & Spirits;490
491;80;Grocery;491
492;81;Food & Beverage;492
493;81;Beverages;493
494;81;Wine;494
495;81; Beer & Liquor;495
496;81;Spirits;496
497;81;Food;497
498;81;Beer;498
499;81; Wine & Spirits;499
500;82;Food & Beverage;500
501;82;Beverages;501
502;82;Wine;502
503;82; Beer & Liquor;503
504;82;Wine;504
505;82;Food;505
506;82;Beer;506
507;82; Wine & Spirits;507
508;83;Food & Beverage;508
509;83;Beverages;509
510;83;Wine;510
511;83; Beer & Liquor;511
512;83;Wine;512
513;83;Food;513
514;83;Beer;514
515;83; Wine & Spirits;515
516;84;Food & Beverage;516
517;84;Beverages;517
518;84;Wine;518
519;84; Beer & Liquor;519
520;84;Beer;520
521;84;Food;521
522;84;Beer;522
523;84; Wine & Spirits;523
524;85;Food & Beverage;524
525;85;Beverages;525
526;85;Wine;526
527;85; Beer & Liquor;527
528;85;Spirits;528
529;85;Food;529
530;85;Beer;530
531;85; Wine & Spirits;531
532;86;Food & Beverage;532
533;86;Beverages;533
534;86;Wine;534
535;86; Beer & Liquor;535
536;86;Beer;536
537;86;Food;537
538;86;Beer;538
539;86; Wine & Spirits;539
540;86;Grocery;540
541;86;Tea;541
542;86;Tea Samplers;542
543;87;Food & Beverage;543
544;87;Beverages;544
545;87;Wine;545
546;87; Beer & Liquor;546
547;87;Wine;547
548;87;Food;548
549;87;Beer;549
550;87; Wine & Spirits;550
551;88;Food & Beverage;551
552;88;Beverages;552
553;88;Wine;553
554;88; Beer & Liquor;554
555;88;Beer;555
556;88;Food;556
557;88;Beer;557
558;88; Wine & Spirits;558
559;88;Grocery;559
560;89;Food & Beverage;560
561;89;Beverages;561
562;89;Wine;562
563;89; Beer & Liquor;563
564;89;Beer;564
565;89;Food;565
566;89;Beer;566
567;89; Wine & Spirits;567
568;90;Food & Beverage;568
569;90;Beverages;569
570;90;Wine;570
571;90; Beer & Liquor;571
572;90;Beer;572
573;90;Food;573
574;90;Beer;574
575;90; Wine & Spirits;575
576;91;Food & Beverage;576
577;91;Beverages;577
578;91;Wine;578
579;91; Beer & Liquor;579
580;91;Spirits;580
581;91;Malt Drinks;581
582;91;Food;582
583;91;Beer;583
584;91; Wine & Spirits;584
585;91;Wine;585
586;91;Grocery;586
587;92;Food & Beverage;587
588;92;Beverages;588
589;92;Wine;589
590;92; Beer & Liquor;590
591;92;Spirits;591
592;92;Food;592
593;92;Beer;593
594;92; Wine & Spirits;594
595;92;Grocery;595
596;93;Food & Beverage;596
597;93;Beverages;597
598;93;Wine;598
599;93; Beer & Liquor;599
600;93;Wine;600
601;93;Food;601
602;93;Beer;602
603;93; Wine & Spirits;603
604;94;Food & Beverage;604
605;94;Beverages;605
606;94;Wine;606
607;94; Beer & Liquor;607
608;94;Beer;608
609;94;Food;609
610;94;Beer;610
611;94; Wine & Spirits;611
612;94;Grocery;612
613;95;Food & Beverage;613
614;95;Beverages;614
615;95;Wine;615
616;95; Beer & Liquor;616
617;95;Spirits;617
618;95;Food;618
619;95;Beer;619
620;95; Wine & Spirits;620
621;96;Food & Beverage;621
622;96;Beverages;622
623;96;Wine;623
624;96; Beer & Liquor;624
625;96;Spirits;625
626;96;Food;626
627;96;Beer;627
628;96; Wine & Spirits;628
629;97;Food & Beverage;629
630;97;Beverages;630
631;97;Wine;631
632;97; Beer & Liquor;632
633;97;Wine;633
634;97;Food;634
635;97;Beer;635
636;97; Wine & Spirits;636
637;97;Grocery;637
638;98;Food & Beverage;638
639;98;Beverages;639
640;98;Wine;640
641;98; Beer & Liquor;641
642;98;Spirits;642
643;98;Food;643
644;98;Beer;644
645;98; Wine & Spirits;645
646;98;Grocery;646
647;99;Food & Beverage;647
648;99;Beverages;648
649;99;Wine;649
650;99; Beer & Liquor;650
651;99;Wine;651
652;99;Food;652
653;99;Beer;653
654;99; Wine & Spirits;654
655;100;Food & Beverage;655
656;100;Beverages;656
657;100;Wine;657
658;100; Beer & Liquor;658
659;100;Wine;659
660;100;Food;660
661;100;Beer;661
662;100; Wine & Spirits;662
663;101;Food & Beverage;663
664;101;Beverages;664
665;101;Wine;665
666;101; Beer & Liquor;666
667;101;Spirits;667
668;101;Food;668
669;101;Beer;669
670;101; Wine & Spirits;670
671;102;Food & Beverage;671
672;102;Beverages;672
673;102;Wine;673
674;102; Beer & Liquor;674
675;102;Spirits;675
676;102;Food;676
677;102;Beer;677
678;102; Wine & Spirits;678
679;103;Food & Beverage;679
680;103;Beverages;680
681;103;Wine;681
682;103; Beer & Liquor;682
683;103;Beer;683
684;103;Food;684
685;103;Beer;685
686;103; Wine & Spirits;686
687;104;Food & Beverage;687
688;104;Beverages;688
689;104;Wine;689
690;104; Beer & Liquor;690
691;104;Wine;691
692;104;Food;692
693;104;Beer;693
694;104; Wine & Spirits;694
695;105;Food & Beverage;695
696;105;Beverages;696
697;105;Wine;697
698;105; Beer & Liquor;698
699;105;Wine;699
700;105;Food;700
701;105;Beer;701
702;105; Wine & Spirits;702
703;106;Food & Beverage;703
704;106;Beverages;704
705;106;Wine;705
706;106; Beer & Liquor;706
707;106;Wine;707
708;106;Food;708
709;106;Beer;709
710;106; Wine & Spirits;710
711;107;Food & Beverage;711
712;107;Beverages;712
713;107;Wine;713
714;107; Beer & Liquor;714
715;107;Beer;715
716;107;Food;716
717;107;Beer;717
718;107; Wine & Spirits;718
719;108;Food & Beverage;719
720;108;Beverages;720
721;108;Wine;721
722;108; Beer & Liquor;722
723;108;Beer;723
724;108;Food;724
725;108;Beer;725
726;108; Wine & Spirits;726
727;109;Food & Beverage;727
728;109;Beverages;728
729;109;Wine;729
730;109; Beer & Liquor;730
731;109;Beer;731
732;109;Food;732
733;109;Beer;733
734;109; Wine & Spirits;734
735;110;Food & Beverage;735
736;110;Beverages;736
737;110;Wine;737
738;110; Beer & Liquor;738
739;110;Beer;739
740;110;Food;740
741;110;Beer;741
742;110; Wine & Spirits;742
743;111;Food & Beverage;743
744;111;Beverages;744
745;111;Wine;745
746;111; Beer & Liquor;746
747;111;Wine;747
748;111;Food;748
749;111;Beer;749
750;111; Wine & Spirits;750
751;112;Food & Beverage;751
752;112;Beverages;752
753;112;Wine;753
754;112; Beer & Liquor;754
755;112;Wine;755
756;112;Food;756
757;112;Beer;757
758;112; Wine & Spirits;758
759;113;Food & Beverage;759
760;113;Beverages;760
761;113;Wine;761
762;113; Beer & Liquor;762
763;113;Spirits;763
764;113;Food;764
765;113;Beer;765
766;113; Wine & Spirits;766
767;114;Food & Beverage;767
768;114;Beverages;768
769;114;Wine;769
770;114; Beer & Liquor;770
771;114;Wine;771
772;114;Food;772
773;114;Beer;773
774;114; Wine & Spirits;774
775;115;Food & Beverage;775
776;115;Beverages;776
777;115;Wine;777
778;115; Beer & Liquor;778
779;115;Spirits;779
780;115;Food;780
781;115;Beer;781
782;115; Wine & Spirits;782
783;116;Food & Beverage;783
784;116;Beverages;784
785;116;Wine;785
786;116; Beer & Liquor;786
787;116;Wine;787
788;116;Food;788
789;116;Beer;789
790;116; Wine & Spirits;790
791;117;Food & Beverage;791
792;117;Beverages;792
793;117;Wine;793
794;117; Beer & Liquor;794
795;117;Beer;795
796;117;Food;796
797;117;Beer;797
798;117; Wine & Spirits;798
799;118;Food & Beverage;799
800;118;Beverages;800
801;118;Wine;801
802;118; Beer & Liquor;802
803;118;Wine;803
804;118;Home & Garden;804
805;118;Food & Beverages;805
806;118;Alcohol & Alcohol Mixers;806
807;118;Red Wines;807
808;119;Food & Beverage;808
809;119;Beverages;809
810;119;Wine;810
811;119; Beer & Liquor;811
812;119;Wine;812
813;119;Beauty;813
814;119;Oral Care;814
815;119;Toothpaste;815
816;120;Food & Beverage;816
817;120;Beverages;817
818;120;Wine;818
819;120; Beer & Liquor;819
820;120;Beer;820
821;120;Food;821
822;120;Beer;822
823;120; Wine & Spirits;823
824;120;Grocery;824
825;121;Food & Beverage;825
826;121;Beverages;826
827;121;Wine;827
828;121; Beer & Liquor;828
829;121;Wine;829
830;121;Food;830
831;121;Beer;831
832;121; Wine & Spirits;832
833;122;Food & Beverage;833
834;122;Beverages;834
835;122;Wine;835
836;122; Beer & Liquor;836
837;122;Spirits;837
838;122;Food;838
839;122;Beer;839
840;122; Wine & Spirits;840
841;122;Grocery;841
842;123;Food & Beverage;842
843;123;Beverages;843
844;123;Wine;844
845;123; Beer & Liquor;845
846;123;Wine;846
847;123;Food;847
848;123;Beer;848
849;123; Wine & Spirits;849
850;123;Grocery;850
851;124;Food & Beverage;851
852;124;Beverages;852
853;124;Wine;853
854;124; Beer & Liquor;854
855;124;Wine;855
856;124;Food;856
857;124;Beer;857
858;124; Wine & Spirits;858
859;125;Food & Beverage;859
860;125;Beverages;860
861;125;Wine;861
862;125; Beer & Liquor;862
863;125;Wine;863
864;125;Food;864
865;125;Beer;865
866;125; Wine & Spirits;866
867;126;Food & Beverage;867
868;126;Beverages;868
869;126;Wine;869
870;126; Beer & Liquor;870
871;126;Wine;871
872;126;Food;872
873;126;Beer;873
874;126; Wine & Spirits;874
875;126;Red;875
876;127;Food & Beverage;876
877;127;Beverages;877
878;127;Wine;878
879;127; Beer & Liquor;879
880;127;Wine;880
881;127;Food;881
882;127;Beer;882
883;127; Wine & Spirits;883
884;128;Food & Beverage;884
885;128;Beverages;885
886;128;Wine;886
887;128; Beer & Liquor;887
888;128;Wine;888
889;128;Food;889
890;128;Beer;890
891;128; Wine & Spirits;891
892;129;Food & Beverage;892
893;129;Beverages;893
894;129;Wine;894
895;129; Beer & Liquor;895
896;129;Wine;896
897;129;Food;897
898;129;Beer;898
899;129; Wine & Spirits;899
900;130;Food & Beverage;900
901;130;Beverages;901
902;130;Wine;902
903;130; Beer & Liquor;903
904;130;Wine;904
905;130;Food;905
906;130;Beer;906
907;130; Wine & Spirits;907
908;131;Food & Beverage;908
909;131;Beverages;909
910;131;Wine;910
911;131; Beer & Liquor;911
912;131;Beer;912
913;131;Food;913
914;131;Beer;914
915;131; Wine & Spirits;915
916;132;Food & Beverage;916
917;132;Beverages;917
918;132;Wine;918
919;132; Beer & Liquor;919
920;132;Spirits;920
921;132;Malt Drinks;921
922;132;Food;922
923;132;Snacks;923
924;132; Cookies & Chips;924
925;132;Fruit Cups & Fruit Sauces;925
926;133;Food & Beverage;926
927;133;Beverages;927
928;133;Wine;928
929;133; Beer & Liquor;929
930;133;Wine;930
931;133;Food;931
932;133;Beer;932
933;133; Wine & Spirits;933
934;133;Home & Garden;934
935;133;Food & Beverages;935
936;133;Alcohol & Alcohol Mixers;936
937;133;Red Wines;937
938;134;Food & Beverage;938
939;134;Beverages;939
940;134;Wine;940
941;134; Beer & Liquor;941
942;134;Spirits;942
943;134;Food;943
944;134;Beer;944
945;134; Wine & Spirits;945
946;134;Health & Beauty;946
947;134;Health Care;947
948;134;Over-the-Counter Medicine;948
949;134;Pain & Fever Relief;949
950;134;grocery;950
951;135;Food & Beverage;951
952;135;Beverages;952
953;135;Wine;953
954;135; Beer & Liquor;954
955;135;Wine;955
956;135;Food;956
957;135;Beer;957
958;135; Wine & Spirits;958
959;135;Spirits;959
960;135;Home & Garden;960
961;135;Food & Beverages;961
962;135;Alcohol & Alcohol Mixers;962
963;135;Champagne & Sparkling Wines;963
964;135;Sparkling;964
965;135;Grocery;965
966;136;Food;966
967;136;Beverages;967
968;136;Beer;968
969;136; Wine & Spirits;969
970;136;Cocktail Mixers;970
971;136;Grocery & Gourmet Food;971
972;136;Bottled Beverages;972
973;136; Water & Drink Mixes;973
974;136;Margarita;974
975;136;Water;975
976;137;Food & Beverage;976
977;137;Baking & Cooking Essentials;977
978;137;Baking Essentials;978
979;137;Extracts & Food Coloring;979
980;137;Spices & Seasonings;980
981;137;Food;981
982;137;Beverages;982
983;137;Beer;983
984;137; Wine & Spirits;984
985;137;Beer;985
986;137;Soft Drinks;986
987;137;Extracts & Flavoring;987
988;137;Home & Garden;988
989;137;Food & Beverages;989
990;137;Spices;990
991;137; Seasonings & Extracts;991
992;138;Food & Beverage;992
993;138;Cookies;993
994;138; Chips & Snacks;994
995;138;Featured Brands;995
996;138;Cookies;996
997;138;Grocery & Gourmet Food;997
998;138;Snack Foods;998
999;138;Food;999
1000;138;Beverages;1000
1001;138;Beer;1001
1002;138; Wine & Spirits;1002
1003;138;Wine;1003
1004;139;Food;1004
1005;139;Beverages;1005
1006;139;Beer;1006
1007;139; Wine & Spirits;1007
1008;139;Cocktail Mixers;1008
1009;139;Home;1009
1010;139;Spirits;1010
1011;139;Office;1011
1012;139;Janitorial Supplies;1012
1013;140;Food & Beverage;1013
1014;140;Beverages;1014
1015;140;Cocktail Mixes;1015
1016;140;Food;1016
1017;140;Beer;1017
1018;140; Wine & Spirits;1018
1019;140;Cocktail Mixers;1019
1020;140;Bitters;1020
1021;140;Spirits;1021
1022;141;Food;1022
1023;141;Beverages;1023
1024;141;Beer;1024
1025;141; Wine & Spirits;1025
1026;141;Cocktail Mixers;1026
1027;141;Spirits;1027
1028;142;Food;1028
1029;142;Beverages;1029
1030;142;Beer;1030
1031;142; Wine & Spirits;1031
1032;142;Cocktail Mixers;1032
1033;143;Food;1033
1034;143;Beverages;1034
1035;143;Beer;1035
1036;143; Wine & Spirits;1036
1037;143;Beer;1037
1038;144;Food;1038
1039;144;Beverages;1039
1040;144;Beer;1040
1041;144; Wine & Spirits;1041
1042;144;Cocktail Mixers;1042
1043;144;Bitters;1043
1044;144;Business & Industrial;1044
1045;144;Restaurant & Catering;1045
1046;144;Bar & Beverage Equipment;1046
1047;144;Bar Supplies;1047
1048;144;Home & Garden;1048
1049;144;Food & Beverages;1049
1050;144;Alcohol & Alcohol Mixers;1050
1051;144;Spirits;1051
1052;145;Food;1052
1053;145;Beverages;1053
1054;145;Beer;1054
1055;145; Wine & Spirits;1055
1056;145;Cocktail Mixers;1056
1057;145;Grocery & Gourmet Food;1057
1058;145;Bottled Beverages;1058
1059;145; Water & Drink Mixes;1059
1060;145;Bloody Mary;1060
1061;145;Meal Solutions;1061
1062;145; Grains & Pasta;1062
1063;145;Condiments;1063
1064;145; Sauces & Spices;1064
1065;145;Sauces;1065
1066;146;Food;1066
1067;146;Beverages;1067
1068;146;Beer;1068
1069;146; Wine & Spirits;1069
1070;146;Spirits;1070
1071;147;Food;1071
1072;147;Beverages;1072
1073;147;Beer;1073
1074;147; Wine & Spirits;1074
1075;147;Spirits;1075
1076;148;Food;1076
1077;148;Beverages;1077
1078;148;Beer;1078
1079;148; Wine & Spirits;1079
1080;148;Wine;1080
1081;149;Food;1081
1082;149;Beverages;1082
1083;149;Beer;1083
1084;149; Wine & Spirits;1084
1085;149;Spirits;1085
1086;150;Food;1086
1087;150;Beverages;1087
1088;150;Beer;1088
1089;150; Wine & Spirits;1089
1090;150;Beer;1090
1091;151;Food;1091
1092;151;Beverages;1092
1093;151;Beer;1093
1094;151; Wine & Spirits;1094
1095;151;Wine;1095
1096;152;Food;1096
1097;152;Beverages;1097
1098;152;Beer;1098
1099;152; Wine & Spirits;1099
1100;152;Cocktail Mixers;1100
1101;153;Food;1101
1102;153;Beverages;1102
1103;153;Beer;1103
1104;153; Wine & Spirits;1104
1105;153;Cocktail Mixers;1105
1106;153;Bloody Mary;1106
1107;153;Grocery & Gourmet Food;1107
1108;153;Bottled Beverages;1108
1109;153; Water & Drink Mixes;1109
1110;154;Food;1110
1111;154;Beverages;1111
1112;154;Beer;1112
1113;154; Wine & Spirits;1113
1114;154;Cocktail Mixers;1114
1115;155;Food & Beverage;1115
1116;155;Beverages;1116
1117;155;Juice & Cider;1117
1118;155;Food;1118
1119;155;Packaged Foods;1119
1120;155;Drinks;1120
1121;155;Juices;1121
1122;155;Beer;1122
1123;155; Wine & Spirits;1123
1124;155;Cocktail Mixers;1124
1125;155;Food & Grocery;1125
1126;155;Fruit Drinks;1126
1127;155;Grocery;1127
1128;155;Vegetable Juice;1128
1129;156;Food & Beverage;1129
1130;156;Beverages;1130
1131;156;Cocktail Mixes;1131
1132;156;Food;1132
1133;156;Beer;1133
1134;156; Wine & Spirits;1134
1135;156;Cocktail Mixers;1135
1136;156;Coconut Sauce;1136
1137;156;Grocery & Gourmet Food;1137
1138;156;Sauces;1138
1139;156; Gravies & Marinades;1139
1140;156;Sauces;1140
1141;156;Asian;1141
1142;156;Baking;1142
1143;157;Food;1143
1144;157;Beverages;1144
1145;157;Beer;1145
1146;157; Wine & Spirits;1146
1147;157;Cocktail Mixers;1147
1148;157;Grocery & Gourmet Food;1148
1149;157;Bottled Beverages;1149
1150;157; Water & Drink Mixes;1150
1151;157;Bitters;1151
1152;157;Grocery;1152
1153;158;Food;1153
1154;158;Beverages;1154
1155;158;Beer;1155
1156;158; Wine & Spirits;1156
1157;158;Cocktail Mixers;1157
1158;158;Spirits;1158
1159;159;Food;1159
1160;159;Beverages;1160
1161;159;Beer;1161
1162;159; Wine & Spirits;1162
1163;159;Cocktail Mixers;1163
1164;159;Bloody Mary;1164
1165;159;Spirits;1165
1166;160;Food;1166
1167;160;Beverages;1167
1168;160;Beer;1168
1169;160; Wine & Spirits;1169
1170;160;Cocktail Mixers;1170
1171;160;Spirits;1171
1172;161;Food;1172
1173;161;Beverages;1173
1174;161;Beer;1174
1175;161; Wine & Spirits;1175
1176;161;Wine;1176
1177;161;Sparkling;1177
1178;161;Grocery;1178
1179;162;Food;1179
1180;162;Beverages;1180
1181;162;Beer;1181
1182;162; Wine & Spirits;1182
1183;162;Spirits;1183
1184;163;Food;1184
1185;163;Beverages;1185
1186;163;Beer;1186
1187;163; Wine & Spirits;1187
1188;163;Spirits;1188
1189;164;Food;1189
1190;164;Beverages;1190
1191;164;Beer;1191
1192;164; Wine & Spirits;1192
1193;164;Wine;1193
1194;165;Food;1194
1195;165;Beverages;1195
1196;165;Beer;1196
1197;165; Wine & Spirits;1197
1198;165;Spirits;1198
1199;166;Food;1199
1200;166;Beverages;1200
1201;166;Beer;1201
1202;166; Wine & Spirits;1202
1203;166;Beer;1203
1204;166;Grocery;1204
1205;167;Food;1205
1206;167;Beverages;1206
1207;167;Beer;1207
1208;167; Wine & Spirits;1208
1209;167;Beer;1209
1210;167;#9195 in;1210
1211;167;#1002 in;1211
1212;167;#306 in;1212
1213;168;Food;1213
1214;168;Beverages;1214
1215;168;Beer;1215
1216;168; Wine & Spirits;1216
1217;168;Beer;1217
1218;169;Food;1218
1219;169;Beverages;1219
1220;169;Beer;1220
1221;169; Wine & Spirits;1221
1222;169;Spirits;1222
1223;170;Food;1223
1224;170;Beverages;1224
1225;170;Beer;1225
1226;170; Wine & Spirits;1226
1227;170;Spirits;1227
1228;171;Food;1228
1229;171;Beverages;1229
1230;171;Beer;1230
1231;171; Wine & Spirits;1231
1232;171;Wine;1232
1233;172;Food & Beverage;1233
1234;172;Beverages;1234
1235;172;Soda & Pop;1235
1236;172;Food;1236
1237;172;Beer;1237
1238;172; Wine & Spirits;1238
1239;172;Spirits;1239
1240;172;Soda Pop;1240
1241;172;Soft Drinks;1241
1242;172;Grocery;1242
1243;173;Food;1243
1244;173;Coffee;1244
1245;173;Ready to Drink Coffee;1245
1246;173;Beverages;1246
1247;173;Beer;1247
1248;173; Wine & Spirits;1248
1249;173;Beer;1249
1250;174;Food & Beverage;1250
1251;174;Frozen Foods;1251
1252;174;Frozen Bread & Dough;1252
1253;174;Food;1253
1254;174;Beverages;1254
1255;174;Beer;1255
1256;174; Wine & Spirits;1256
1257;174;Beer;1257
1258;174;Fresh Food;1258
1259;174;Frozen Bread;1259
1260;175;Food;1260
1261;175;Beverages;1261
1262;175;Beer;1262
1263;175; Wine & Spirits;1263
1264;175;Cocktail Mixers;1264
1265;176;Food;1265
1266;176;Beverages;1266
1267;176;Beer;1267
1268;176; Wine & Spirits;1268
1269;176;Cocktail Mixers;1269
1270;177;Food;1270
1271;177;Beverages;1271
1272;177;Beer;1272
1273;177; Wine & Spirits;1273
1274;177;Beer;1274
1275;177;Grocery;1275
1276;178;Food;1276
1277;178;Beverages;1277
1278;178;Beer;1278
1279;178; Wine & Spirits;1279
1280;178;Beer;1280
1281;179;Food;1281
1282;179;Beverages;1282
1283;179;Beer;1283
1284;179; Wine & Spirits;1284
1285;179;Wine;1285
1286;180;Food;1286
1287;180;Beverages;1287
1288;180;Beer;1288
1289;180; Wine & Spirits;1289
1290;180;Spirits;1290
1291;180;grocery;1291
1292;181;Food;1292
1293;181;Beverages;1293
1294;181;Beer;1294
1295;181; Wine & Spirits;1295
1296;181;Wine;1296
1297;182;Food;1297
1298;182;Beverages;1298
1299;182;Beer;1299
1300;182; Wine & Spirits;1300
1301;182;Spirits;1301
1302;183;Food;1302
1303;183;Beverages;1303
1304;183;Beer;1304
1305;183; Wine & Spirits;1305
1306;183;Spirits;1306
1307;183;Grocery;1307
1308;184;Food;1308
1309;184;Beverages;1309
1310;184;Beer;1310
1311;184; Wine & Spirits;1311
1312;184;Wine;1312
1313;185;Food;1313
1314;185;Beverages;1314
1315;185;Beer;1315
1316;185; Wine & Spirits;1316
1317;185;Wine;1317
1318;186;Food;1318
1319;186;Beverages;1319
1320;186;Beer;1320
1321;186; Wine & Spirits;1321
1322;186;Spirits;1322
1323;187;Food;1323
1324;187;Beverages;1324
1325;187;Beer;1325
1326;187; Wine & Spirits;1326
1327;187;Cocktail Mixers;1327
1328;187;Spirits;1328
1329;188;Food;1329
1330;188;Beverages;1330
1331;188;Beer;1331
1332;188; Wine & Spirits;1332
1333;188;Beer;1333
1334;188;Grocery;1334
1335;189;Food;1335
1336;189;Beverages;1336
1337;189;Beer;1337
1338;189; Wine & Spirits;1338
1339;189;Beer;1339
1340;189;Beauty;1340
1341;189;Hair Care;1341
1342;189;Shampoo;1342
1343;190;Food;1343
1344;190;Beverages;1344
1345;190;Beer;1345
1346;190; Wine & Spirits;1346
1347;190;Cocktail Mixers;1347
1348;190;Home & Garden;1348
1349;190;Food & Beverages;1349
1350;190;Alcohol & Alcohol Mixers;1350
1351;190;Margarita;1351
1352;190;Spirits;1352
1353;191;Food;1353
1354;191;Beverages;1354
1355;191;Beer;1355
1356;191; Wine & Spirits;1356
1357;191;Cocktail Mixers;1357
1358;192;Food;1358
1359;192;Beverages;1359
1360;192;Beer;1360
1361;192; Wine & Spirits;1361
1362;192;Cocktail Mixers;1362
1363;192;Meal Solutions;1363
1364;192; Grains & Pasta;1364
1365;192;Condiments;1365
1366;192; Sauces & Spices;1366
1367;192;Salt;1367
1368;192; Spices & Seasoning;1368
1369;193;Food;1369
1370;193;Beverages;1370
1371;193;Beer;1371
1372;193; Wine & Spirits;1372
1373;193;Beer;1373
1374;193;Meal Solutions;1374
1375;193; Grains & Pasta;1375
1376;193;Canned Goods & Soups;1376
1377;193;Meat & Poultry;1377
1378;194;Food;1378
1379;194;Beverages;1379
1380;194;Beer;1380
1381;194; Wine & Spirits;1381
1382;194;Beer;1382
1383;195;Food;1383
1384;195;Beverages;1384
1385;195;Beer;1385
1386;195; Wine & Spirits;1386
1387;195;Spirits;1387
1388;196;Food;1388
1389;196;Beverages;1389
1390;196;Beer;1390
1391;196; Wine & Spirits;1391
1392;196;Spirits;1392
1393;197;Food;1393
1394;197;Beverages;1394
1395;197;Beer;1395
1396;197; Wine & Spirits;1396
1397;197;Beer;1397
1398;197;Grocery & Gourmet Food;1398
1399;197;Bottled Beverages;1399
1400;197; Water & Drink Mixes;1400
1401;197;Soft Drinks;1401
1402;198;Food;1402
1403;198;Beverages;1403
1404;198;Beer;1404
1405;198; Wine & Spirits;1405
1406;198;Beer;1406
1407;199;Food;1407
1408;199;Beverages;1408
1409;199;Beer;1409
1410;199; Wine & Spirits;1410
1411;199;Spirits;1411
1412;200;Food;1412
1413;200;Beverages;1413
1414;200;Beer;1414
1415;200; Wine & Spirits;1415
1416;200;Wine;1416
1417;201;Food;1417
1418;201;Beverages;1418
1419;201;Beer;1419
1420;201; Wine & Spirits;1420
1421;201;Beer;1421
1422;202;Food;1422
1423;202;Beverages;1423
1424;202;Beer;1424
1425;202; Wine & Spirits;1425
1426;202;Wine;1426
1427;202; Beer and Beverage Fridges;1427
1428;202;Business & Industrial;1428
1429;202;Restaurant & Catering;1429
1430;202;Bar & Beverage Equipment;1430
1431;202;Kegerator;1431
1432;202; Direct Draw Coolers;1432
1433;202;Draft Beer Dispensing;1433
1434;202;Empty Kegs;1434
1435;203;Food;1435
1436;203;Beverages;1436
1437;203;Beer;1437
1438;203; Wine & Spirits;1438
1439;203;Cocktail Mixers;1439
1440;204;Food;1440
1441;204;Beverages;1441
1442;204;Beer;1442
1443;204; Wine & Spirits;1443
1444;204;Cocktail Mixers;1444
1445;205;Food;1445
1446;205;Beverages;1446
1447;205;Beer;1447
1448;205; Wine & Spirits;1448
1449;205;Cocktail Mixers;1449
1450;205;Martini;1450
1451;205;Grocery & Gourmet Food;1451
1452;205;Bottled Beverages;1452
1453;205; Water & Drink Mixes;1453
1454;205;Olives;1454
1455;206;Food;1455
1456;206;Beverages;1456
1457;206;Beer;1457
1458;206; Wine & Spirits;1458
1459;206;Cocktail Mixers;1459
1460;206;Grocery & Gourmet Food;1460
1461;206;Bottled Beverages;1461
1462;206; Water & Drink Mixes;1462
1463;207;Food;1463
1464;207;Beverages;1464
1465;207;Beer;1465
1466;207; Wine & Spirits;1466
1467;207;Cocktail Mixers;1467
1468;208;Food;1468
1469;208;Beverages;1469
1470;208;Beer;1470
1471;208; Wine & Spirits;1471
1472;208;Cocktail Mixers;1472
1473;209;Food & Beverage;1473
1474;209;Beverages;1474
1475;209;Powdered & Liquid Drink Mixes;1475
1476;209;Food;1476
1477;209;Beer;1477
1478;209; Wine & Spirits;1478
1479;209;Cocktail Mixers;1479
1480;209;Cocktail Mixes;1480
1481;209;Grocery & Gourmet Food;1481
1482;209;Bottled Beverages;1482
1483;209; Water & Drink Mixes;1483
1484;209;Soft Drinks;1484
1485;209;Water;1485
1486;209;grocery;1486
1487;210;Food;1487
1488;210;Beverages;1488
1489;210;Beer;1489
1490;210; Wine & Spirits;1490
1491;210;Beer;1491
1492;210;Fresh Food;1492
1493;210;Artisan Breads;1493
1494;211;Food;1494
1495;211;Beverages;1495
1496;211;Beer;1496
1497;211; Wine & Spirits;1497
1498;211;Wine;1498
1499;212;Food;1499
1500;212;Beverages;1500
1501;212;Beer;1501
1502;212; Wine & Spirits;1502
1503;212;Wine;1503
1504;213;Food;1504
1505;213;Beverages;1505
1506;213;Beer;1506
1507;213; Wine & Spirits;1507
1508;213;Cocktail Mixers;1508
1509;213;Juice;1509
1510;213;Spirits;1510
1511;214;Food;1511
1512;214;Beverages;1512
1513;214;Beer;1513
1514;214; Wine & Spirits;1514
1515;214;Cocktail Mixers;1515
1516;215;Food;1516
1517;215;Beverages;1517
1518;215;Beer;1518
1519;215; Wine & Spirits;1519
1520;215;Cocktail Mixers;1520
1521;215;Spirits;1521
1522;216;Food;1522
1523;216;Beverages;1523
1524;216;Beer;1524
1525;216; Wine & Spirits;1525
1526;216;Cocktail Mixers;1526
1527;216;Grocery & Gourmet Food;1527
1528;216;Bottled Beverages;1528
1529;216; Water & Drink Mixes;1529
1530;216;Bloody Mary;1530
1531;217;Food;1531
1532;217;Beverages;1532
1533;217;Beer;1533
1534;217; Wine & Spirits;1534
1535;217;Spirits;1535
1536;218;Food;1536
1537;218;Beverages;1537
1538;218;Beer;1538
1539;218; Wine & Spirits;1539
1540;218;Spirits;1540
1541;219;Food;1541
1542;219;Beverages;1542
1543;219;Beer;1543
1544;219; Wine & Spirits;1544
1545;219;Spirits;1545
1546;220;Food;1546
1547;220;Beverages;1547
1548;220;Beer;1548
1549;220; Wine & Spirits;1549
1550;220;Spirits;1550
1551;221;Food;1551
1552;221;Beverages;1552
1553;221;Beer;1553
1554;221; Wine & Spirits;1554
1555;221;Spirits;1555
1556;221;Water;1556
1557;221;Other Grocery;1557
1558;221;Grocery;1558
1559;222;Food;1559
1560;222;Beverages;1560
1561;222;Beer;1561
1562;222; Wine & Spirits;1562
1563;222;Wine;1563
1564;222;Grocery;1564
1565;223;Food;1565
1566;223;Beverages;1566
1567;223;Beer;1567
1568;223; Wine & Spirits;1568
1569;223;Spirits;1569
1570;224;Food & Beverage;1570
1571;224;Beverages;1571
1572;224;Cocktail Mixes;1572
1573;224;Food;1573
1574;224;Beer;1574
1575;224; Wine & Spirits;1575
1576;224;Cocktail Mixers;1576
1577;224;Bloody Mary;1577
1578;224;Spirits;1578
1579;225;Food & Beverage;1579
1580;225;Beverages;1580
1581;225;Cocktail Mixes;1581
1582;225;Food;1582
1583;225;Beer;1583
1584;225; Wine & Spirits;1584
1585;225;Cocktail Mixers;1585
1586;225;Home & Garden;1586
1587;225;Food & Beverages;1587
1588;225;Alcohol & Alcohol Mixers;1588
1589;225;Categories;1589
1590;225;Spirits;1590
1591;226;Food & Beverage;1591
1592;226;Beverages;1592
1593;226;Cocktail Mixes;1593
1594;226;Food;1594
1595;226;Beer;1595
1596;226; Wine & Spirits;1596
1597;226;Cocktail Mixers;1597
1598;226;Margarita;1598
1599;226;Grocery & Gourmet Food;1599
1600;226;Bottled Beverages;1600
1601;226; Water & Drink Mixes;1601
1602;227;Business & Industrial;1602
1603;227;Restaurant & Catering;1603
1604;227;Bar & Beverage Equipment;1604
1605;227;Bar Supplies;1605
1606;227;Home & Garden;1606
1607;227;Food & Beverages;1607
1608;227;Alcohol & Alcohol Mixers;1608
1609;227;Cocktail Mixers;1609
1610;227;Food;1610
1611;227;Beverages;1611
1612;227;Beer;1612
1613;227; Wine & Spirits;1613
1614;227;Beer;1614
1615;227;Bitters;1615
1616;227;Grocery & Gourmet Food;1616
1617;227;Bottled Beverages;1617
1618;227; Water & Drink Mixes;1618
1619;228;Food;1619
1620;228;Beverages;1620
1621;228;Beer;1621
1622;228; Wine & Spirits;1622
1623;228;Cocktail Mixers;1623
1624;228;Grocery & Gourmet Food;1624
1625;228;Bottled Beverages;1625
1626;228; Water & Drink Mixes;1626
1627;228;Bitters;1627
1628;228;Spirits;1628
1629;228;grocery;1629
1630;229;Food;1630
1631;229;Beverages;1631
1632;229;Beer;1632
1633;229; Wine & Spirits;1633
1634;229;Cocktail Mixers;1634
1635;229;Spirits;1635
1636;230;Food;1636
1637;230;Beverages;1637
1638;230;Beer;1638
1639;230; Wine & Spirits;1639
1640;230;Cocktail Mixers;1640
1641;230;Grocery & Gourmet Food;1641
1642;230;Bottled Beverages;1642
1643;230; Water & Drink Mixes;1643
1644;230;Vitamins;1644
1645;230;Health;1645
1646;231;Food;1646
1647;231;Beverages;1647
1648;231;Beer;1648
1649;231; Wine & Spirits;1649
1650;231;Wine;1650
1651;231;Helmets;1651
1652;232;Food;1652
1653;232;Beverages;1653
1654;232;Beer;1654
1655;232; Wine & Spirits;1655
1656;232;Cocktail Mixers;1656
1657;232;Daiquiri;1657
1658;232;Juice;1658
1659;232;#851          in;1659
1660;232;Health;1660
1661;232;#6;1661
1662;232;499          in;1662
1663;232;#6;1663
1664;232;499 in;1664
1665;232;#6499 in;1665
1666;232;Vitamins;1666
1667;232;#851 in;1667
1668;232;#179 in;1668
1669;232;#179          in;1669
1670;233;Grocery & Gourmet Food;1670
1671;233;Beverages;1671
1672;233;Bottled Beverages;1672
1673;233; Water & Drink Mixes;1673
1674;233;Cocktail Mixers;1674
1675;233;Bitters;1675
1676;233;Food;1676
1677;233;Beer;1677
1678;233; Wine & Spirits;1678
1679;233;Grocery;1679
1680;233;Spirits;1680
1681;234;Food;1681
1682;234;Beverages;1682
1683;234;Beer;1683
1684;234; Wine & Spirits;1684
1685;234;Cocktail Mixers;1685
1686;234;Spirits;1686
1687;235;Food;1687
1688;235;Beverages;1688
1689;235;Beer;1689
1690;235; Wine & Spirits;1690
1691;235;Spirits;1691
1692;235;Grocery;1692
1693;236;Food;1693
1694;236;Beverages;1694
1695;236;Beer;1695
1696;236; Wine & Spirits;1696
1697;236;Spirits;1697
1698;237;Food;1698
1699;237;Beverages;1699
1700;237;Beer;1700
1701;237; Wine & Spirits;1701
1702;237;Wine;1702
1703;238;Food;1703
1704;238;Beverages;1704
1705;238;Beer;1705
1706;238; Wine & Spirits;1706
1707;238;Spirits;1707
1708;239;Food;1708
1709;239;Beverages;1709
1710;239;Beer;1710
1711;239; Wine & Spirits;1711
1712;239;Spirits;1712
1713;240;Food;1713
1714;240;Beverages;1714
1715;240;Beer;1715
1716;240; Wine & Spirits;1716
1717;240;Spirits;1717
1718;241;Food;1718
1719;241;Beverages;1719
1720;241;Beer;1720
1721;241; Wine & Spirits;1721
1722;241;Wine;1722
1723;241;Red;1723
1724;242;Food;1724
1725;242;Beverages;1725
1726;242;Beer;1726
1727;242; Wine & Spirits;1727
1728;242;Spirits;1728
1729;243;Food & Beverage;1729
1730;243;Beverages;1730
1731;243;Cocktail Mixes;1731
1732;243;Food;1732
1733;243;Beer;1733
1734;243; Wine & Spirits;1734
1735;243;Cocktail Mixers;1735
1736;243;#23900 in;1736
1737;243;#3363 in;1737
1738;243;#321 in;1738
1739;244;Food & Beverage;1739
1740;244;Beverages;1740
1741;244;Cocktail Mixes;1741
1742;244;Food;1742
1743;244;Beer;1743
1744;244; Wine & Spirits;1744
1745;244;Cocktail Mixers;1745
1746;244;Margarita;1746
1747;244;UNNAV;1747
1748;245;Food;1748
1749;245;Beverages;1749
1750;245;Beer;1750
1751;245; Wine & Spirits;1751
1752;245;Beer;1752
1753;246;Food;1753
1754;246;Beverages;1754
1755;246;Beer;1755
1756;246; Wine & Spirits;1756
1757;246;Cocktail Mixers;1757
1758;246;Spirits;1758
1759;246;Juice;1759
1760;247;Food;1760
1761;247;Beverages;1761
1762;247;Beer;1762
1763;247; Wine & Spirits;1763
1764;247;Wine;1764
1765;247;Wholesale Lots;1765
1766;247;Other Wholesale Toy Lots;1766
1767;248;Food;1767
1768;248;Beverages;1768
1769;248;Beer;1769
1770;248; Wine & Spirits;1770
1771;248;Cocktail Mixers;1771
1772;248;Spirits;1772
1773;249;Food;1773
1774;249;Beverages;1774
1775;249;Beer;1775
1776;249; Wine & Spirits;1776
1777;249;Cocktail Mixers;1777
1778;249;Margarita;1778
1779;249;Spirits;1779
1780;250;Food;1780
1781;250;Beverages;1781
1782;250;Beer;1782
1783;250; Wine & Spirits;1783
1784;250;Wine;1784
1785;250;Helmets;1785
1786;251;Health;1786
1787;251;Detox & Digestive Aids;1787
1788;251;Stomach Remedies;1788
1789;251;Food;1789
1790;251;Beverages;1790
1791;251;Beer;1791
1792;251; Wine & Spirits;1792
1793;251;Cocktail Mixers;1793
1794;251;Detox & Digestion;1794
1795;251;Vitamins;1795
1796;251;Health & Household;1796
1797;251;Health Care;1797
1798;251;Medications & Treatments;1798
1799;251;Digestion & Nausea;1799
1800;252;Food;1800
1801;252;Beverages;1801
1802;252;Beer;1802
1803;252; Wine & Spirits;1803
1804;252;Cocktail Mixers;1804
1805;252;Grocery & Gourmet Food;1805
1806;252;Snack Foods;1806
1807;252;Chips & Crisps;1807
1808;253;Food;1808
1809;253;Beverages;1809
1810;253;Beer;1810
1811;253; Wine & Spirits;1811
1812;253;Cocktail Mixers;1812
1813;253;Spirits;1813
1814;254;Food;1814
1815;254;Beverages;1815
1816;254;Beer;1816
1817;254; Wine & Spirits;1817
1818;254;Beer;1818
1819;254;Fresh Food;1819
1820;254;Bakery & Bread;1820
1821;254;Sandwich Breads;1821
1822;255;Food;1822
1823;255;Beverages;1823
1824;255;Beer;1824
1825;255; Wine & Spirits;1825
1826;255;Wine;1826
1827;256;Food;1827
1828;256;Beverages;1828
1829;256;Beer;1829
1830;256; Wine & Spirits;1830
1831;256;Beer;1831
1832;256;Party Supplies;1832
1833;257;Food;1833
1834;257;Beverages;1834
1835;257;Beer;1835
1836;257; Wine & Spirits;1836
1837;257;Cocktail Mixers;1837
1838;257;Home & Garden;1838
1839;257;Food & Beverages;1839
1840;257;Fruit Juices;1840
1841;257;Grocery & Gourmet Food;1841
1842;257;Bottled Beverages;1842
1843;257; Water & Drink Mixes;1843
1844;258;Food;1844
1845;258;Beverages;1845
1846;258;Beer;1846
1847;258; Wine & Spirits;1847
1848;258;Wine;1848
1849;259;Food;1849
1850;259;Beverages;1850
1851;259;Beer;1851
1852;259; Wine & Spirits;1852
1853;259;Cocktail Mixers;1853
1854;259;Spirits;1854
1855;260;Food;1855
1856;260;Beverages;1856
1857;260;Beer;1857
1858;260; Wine & Spirits;1858
1859;260;Cocktail Mixers;1859
1860;260;Spirits;1860
1861;261;Food;1861
1862;261;Beverages;1862
1863;261;Beer;1863
1864;261; Wine & Spirits;1864
1865;261;Beer;1865
1866;261;Bread and Flour Products;1866
1867;262;Food;1867
1868;262;Beverages;1868
1869;262;Beer;1869
1870;262; Wine & Spirits;1870
1871;262;Beer;1871
1872;263;UNNAV;1872
1873;263;Food;1873
1874;263;Beverages;1874
1875;263;Beer;1875
1876;263; Wine & Spirits;1876
1877;263;Beer;1877
1878;264;Food;1878
1879;264;Beverages;1879
1880;264;Beer;1880
1881;264; Wine & Spirits;1881
1882;264;Cocktail Mixers;1882
1883;264;Spirits;1883
1884;264;Water;1884
1885;265;Food;1885
1886;265;Beverages;1886
1887;265;Beer;1887
1888;265; Wine & Spirits;1888
1889;265;Cocktail Mixers;1889
1890;265;Meal Solutions;1890
1891;265; Grains & Pasta;1891
1892;265;Condiments;1892
1893;265; Sauces & Spices;1893
1894;265;Condiments;1894
1895;266;Food;1895
1896;266;Beverages;1896
1897;266;Beer;1897
1898;266; Wine & Spirits;1898
1899;266;Cocktail Mixers;1899
1900;267;Food;1900
1901;267;Beverages;1901
1902;267;Soft Drinks;1902
1903;267;Beer;1903
1904;267; Wine & Spirits;1904
1905;267;Beer;1905
1906;268;Food;1906
1907;268;Beverages;1907
1908;268;Beer;1908
1909;268; Wine & Spirits;1909
1910;268;Cocktail Mixers;1910
1911;268;Spirits;1911
1912;269;Food;1912
1913;269;Beverages;1913
1914;269;Beer;1914
1915;269; Wine & Spirits;1915
1916;269;Beer;1916
1917;269;Baking;1917
1918;270;Food;1918
1919;270;Beverages;1919
1920;270;Beer;1920
1921;270; Wine & Spirits;1921
1922;270;Wine;1922
1923;270; Beer and Beverage Fridges;1923
1924;270;Small Wine Cellars;1924
1925;271;Food;1925
1926;271;Beverages;1926
1927;271;Beer;1927
1928;271; Wine & Spirits;1928
1929;271;Beer;1929
1930;271;Health & Household;1930
1931;271;Vitamins & Dietary Supplements;1931
1932;271;Supplements;1932
1933;271;Digestive Supplements;1933
1934;271;Dietary Fibers;1934
1935;271;Health;1935
1936;271;Medicine Cabinet;1936
1937;271;Digestion & Nausea;1937
1938;271;Gas Relief;1938
1939;271;Prebiotics;1939
1940;271;Health Care;1940
1941;271;Medications & Treatments;1941
1942;272;Food;1942
1943;272;Beverages;1943
1944;272;Beer;1944
1945;272; Wine & Spirits;1945
1946;272;Wine;1946
1947;272;Industrial;1947
1948;273;Food;1948
1949;273;Beverages;1949
1950;273;Beer;1950
1951;273; Wine & Spirits;1951
1952;273;Cocktail Mixers;1952
1953;273;Spirits;1953
1954;274;Food;1954
1955;274;Beverages;1955
1956;274;Beer;1956
1957;274; Wine & Spirits;1957
1958;274;Cocktail Mixers;1958
1959;274;Grocery & Gourmet Food;1959
1960;274;Bottled Beverages;1960
1961;274; Water & Drink Mixes;1961
1962;274;Coffee;1962
1963;274; Tea & Beverages;1963
1964;274;Spirits;1964
1965;275;Food;1965
1966;275;Beverages;1966
1967;275;Beer;1967
1968;275; Wine & Spirits;1968
1969;275;Wine;1969
1970;276;Food & Beverage;1970
1971;276;Frozen Foods;1971
1972;276;Frozen Appetizers & Snacks;1972
1973;276;Food;1973
1974;276;Beverages;1974
1975;276;Beer;1975
1976;276; Wine & Spirits;1976
1977;276;Beer;1977
1978;276;Pizza;1978
1979;276;#8805 in;1979
1980;276;#447 in;1980
1981;276;#29 in;1981
1982;277;Food;1982
1983;277;Beverages;1983
1984;277;Beer;1984
1985;277; Wine & Spirits;1985
1986;277;Cocktail Mixers;1986
1987;278;Food;1987
1988;278;Beverages;1988
1989;278;Beer;1989
1990;278; Wine & Spirits;1990
1991;278;Cocktail Mixers;1991
1992;278;Spirits;1992
1993;278;Juice;1993
1994;278;grocery;1994
1995;279;Food;1995
1996;279;Beverages;1996
1997;279;Beer;1997
1998;279; Wine & Spirits;1998
1999;279;Cocktail Mixers;1999
2000;279;Bitters;2000
2001;279;Spirits;2001
2002;279;grocery;2002
2003;280;Food;2003
2004;280;Beverages;2004
2005;280;Beer;2005
2006;280; Wine & Spirits;2006
2007;280;Cocktail Mixers;2007
2008;280;Bitters;2008
2009;280;Grocery & Gourmet Food;2009
2010;280;Bottled Beverages;2010
2011;280; Water & Drink Mixes;2011
2012;280;grocery;2012
2013;281;Food;2013
2014;281;Beverages;2014
2015;281;Beer;2015
2016;281; Wine & Spirits;2016
2017;281;Cocktail Mixers;2017
2018;282;Food;2018
2019;282;Beverages;2019
2020;282;Beer;2020
2021;282; Wine & Spirits;2021
2022;282;Beer;2022
2023;283;Food & Beverage;2023
2024;283;Coffee;2024
2025;283; Tea & Cocoa;2025
2026;283;Beverages;2026
2027;283;Iced Tea;2027
2028;283;Tea;2028
2029;283;Food;2029
2030;283;Beer;2030
2031;283; Wine & Spirits;2031
2032;283;Beer;2032
2033;284;Food;2033
2034;284;Beverages;2034
2035;284;Beer;2035
2036;284; Wine & Spirits;2036
2037;284;Cocktail Mixers;2037
2038;285;Food;2038
2039;285;Beverages;2039
2040;285;Beer;2040
2041;285; Wine & Spirits;2041
2042;285;Beer;2042
2043;285;Industrial;2043
2044;286;Food;2044
2045;286;Beverages;2045
2046;286;Beer;2046
2047;286; Wine & Spirits;2047
2048;286;Cocktail Mixers;2048
2049;286;Spirits;2049
2050;287;Food;2050
2051;287;Beverages;2051
2052;287;Beer;2052
2053;287; Wine & Spirits;2053
2054;287;Cocktail Mixers;2054
2055;287;Spirits;2055
2056;288;Food;2056
2057;288;Beverages;2057
2058;288;Beer;2058
2059;288; Wine & Spirits;2059
2060;288;Wine;2060
2061;288;grocery;2061
2062;289;Food;2062
2063;289;Condiments;2063
2064;289; Sauces & Spices;2064
2065;289;Condiments;2065
2066;289;Beer Mustard;2066
2067;289;Grocery & Gourmet Food;2067
2068;289;Condiments & Salad Dressings;2068
2069;289;Mustard;2069
2070;289;Oils;2070
2071;289; Condiments;2071
2072;289; Sauces;2072
2073;290;Food;2073
2074;290;Beverages;2074
2075;290;Beer;2075
2076;290; Wine & Spirits;2076
2077;290;Beer;2077
2078;290;Wholesale Lots;2078
2079;290;Skin Care;2079
2080;290;#309 in;2080
2081;290;Makeup;2081
2082;290;Beauty;2082
2083;290;#39 in;2083
2084;290;#2;2084
2085;290;822 in;2085
2086;290;Lips;2086
2087;290;Lip Care;2087
2088;291;Food;2088
2089;291;Fresh Food;2089
2090;291;Meat;2090
2091;291; Seafood & Poultry;2091
2092;291;Bacon & Sausages;2092
2093;291;Beverages;2093
2094;291;Beer;2094
2095;292;Food;2095
2096;292;Condiments;2096
2097;292; Sauces & Spices;2097
2098;292;Salt;2098
2099;292; Spices & Seasoning;2099
2100;292;Meal Solutions;2100
2101;292; Grains & Pasta;2101
2102;292;Cooking Wine;2102
2103;292;Grocery & Gourmet Food;2103
2104;292;Cooking & Baking;2104
2105;292;Wine & Champagnes;2105
2106;292;Beverages;2106
2107;292;Food & Grocery;2107
2108;293;Food;2108
2109;293;Meal Solutions;2109
2110;293; Grains & Pasta;2110
2111;293;Condiments;2111
2112;293; Sauces & Spices;2112
2113;293;Condiments;2113
2114;293;Red Wine;2114
2115;294;Food;2115
2116;294;Meal Solutions;2116
2117;294; Grains & Pasta;2117
2118;294;Canned Goods;2118
2119;294;Canned Ready to Eat Meals;2119
2120;294;Canned Goods & Soups;2120
2121;294;Packaged Foods;2121
2122;294;Condiments;2122
2123;294; Dips;2123
2124;294; & Salad Dressings;2124
2125;294;Dips and Spreads;2125
2126;294;Beverages;2126
2127;294;Wine;2127
2128;295;Food;2128
2129;295;Baking;2129
2130;295;Yeast;2130
2131;295;Grocery & Gourmet Food;2131
2132;295;grocery;2132
2133;295;Beverages;2133
2134;295;Wine;2134
2135;296;Grocery;2135
2136;296;Wine;2136
2137;296;Red;2137
2138;297;Wine;2138
2139;297;Grocery;2139
2140;298;Personal Care;2140
2141;298;Eye Care;2141
2142;298;Food;2142
2143;298;Beverages;2143
2144;298;Beer;2144
2145;298; Wine & Spirits;2145
2146;298;Beer;2146
2147;298;Featured Brands;2147
2148;298;Grocery;2148
2149;298;Up & Up;2149
2150;298;Back To College;2150
2151;299;Food;2151
2152;299;Condiments;2152
2153;299; Sauces & Spices;2153
2154;299;Condiments;2154
2155;299;Meal Solutions;2155
2156;299; Grains & Pasta;2156
2157;299;Beer Mustard;2157
2158;299;Home & Garden;2158
2159;299;Food & Beverages;2159
2160;299;Oils;2160
2161;299; Condiments;2161
2162;299; Sauces;2162
2163;300;View All Food;2163
2164;300;Kitchen and Food;2164
2165;300;Wine Shop;2165
2166;301;View All Food;2166
2167;301;Kitchen and Food;2167
2168;301;Wine Shop;2168
2169;302;Food;2169
2170;302;Beverages;2170
2171;302;Wine;2171
2172;302;Industrial;2172
2173;303;Grocery;2173
2174;303;Red;2174
2175;303;Wine;2175
2176;304;Wine;2176
2177;304;Grocery;2177
2178;304;Mixed Packs;2178
2179;305;Grocery;2179
2180;305;Mixed Packs;2180
2181;305;Wine;2181
2182;306;View All Food;2182
2183;306;Kitchen and Food;2183
2184;306;Wine Shop;2184
2185;307;View All Food;2185
2186;307;Kitchen and Food;2186
2187;307;Wine Shop;2187
2188;308;Beer;2188
2189;308;Beverages;2189
2190;308;Food;2190
2191;308;grocery;2191
2192;309;Grocery & Gourmet Food;2192
2193;309;Beverages;2193
2194;309;Bottled Beverages;2194
2195;309; Water & Drink Mixes;2195
2196;309;Soft Drinks;2196
2197;309;Food;2197
2198;309;Beer;2198
2199;310;Wine;2199
2200;310;Grocery;2200
2201;311;Wine;2201
2202;311;Grocery;2202
2203;312;View All Food;2203
2204;312;Kitchen and Food;2204
2205;312;Wine Shop;2205
2206;313;Grocery;2206
2207;313;Wine;2207
2208;313;Red;2208
2209;314;Food;2209
2210;314;Beverages;2210
2211;314;Beer;2211
2212;314;Grocery;2212
2213;315;View All Food;2213
2214;315;Kitchen and Food;2214
2215;315;Wine Shop;2215
2216;316;Sports & Outdoors;2216
2217;316;Outdoor Sports;2217
2218;316;Camping;2218
2219;316;Coolers;2219
2220;316;All Coolers;2220
2221;316;Food;2221
2222;316;Beverages;2222
2223;316;Beer;2223
2224;316; Wine & Spirits;2224
2225;316;Wine;2225
2226;317;View All Food;2226
2227;317;Kitchen and Food;2227
2228;317;Wine Shop;2228
2229;318;View All Food;2229
2230;318;Kitchen and Food;2230
2231;318;Wine Shop;2231
2232;319;View All Food;2232
2233;319;Kitchen and Food;2233
2234;319;Wine Shop;2234
2235;320;View All Food;2235
2236;320;Kitchen and Food;2236
2237;320;Wine Shop;2237
2238;321;View All Food;2238
2239;321;Kitchen and Food;2239
2240;321;Wine Shop;2240
2241;322;Food;2241
2242;322;Beverages;2242
2243;322;Beer;2243
2244;322;Soft Drinks;2244
2245;323;Food;2245
2246;323;Beverages;2246
2247;323;Wine;2247
2248;323;Coffee;2248
2249;323;#251 in;2249
2250;323;#610 in;2250
2251;323;Ground Coffee;2251
2252;323;#10;2252
2253;323;436 in;2253
2254;323;#365 in;2254
2255;323;#817 in;2255
2256;323;#25151 in;2256
2257;324;Red Wine;2257
2258;324;grocery;2258
2259;325;Wine;2259
2260;325;Grocery;2260
2261;325;Mixed Packs;2261
2262;326;Industrial;2262
2263;326;Food;2263
2264;326;Beverages;2264
2265;326;Wine;2265
2266;327;Wine;2266
2267;327;Grocery;2267
2268;328;Wine Shop;2268
2269;328;Kitchen and Food;2269
2270;328;View All Food;2270
2271;329;Wine Shop;2271
2272;329;Kitchen and Food;2272
2273;329;View All Food;2273
2274;330;Wine Shop;2274
2275;330;Kitchen and Food;2275
2276;330;View All Food;2276
2277;331;Wine Shop;2277
2278;331;Kitchen and Food;2278
2279;331;View All Food;2279
